COUNTY,LONG,LAT,ELEV,DATE,RAINFALL,TMIN,TMEAN,TMAX,TDMEAN,VPDMIN,VPDMAX,MONTH_YEAR,YEAR,MONTH_YEAR_STR,YEAR_STR,TMIN_INDEX,TMAX_INDEX,TMEAN_INDEX,REL_HUMIDITY
Miami-Dade,-80.5684,25.6148,7,2018-01-01,0,56.4,64.8,73.1,57,0.29,13.55,2018-01,2018,2018-01,2018,55.9,73.4,64.7,75.9
Miami-Dade,-80.5684,25.6148,7,2018-01-02,0.09,54.3,65.9,77.6,60,0.06,13.65,2018-01,2018,2018-01,2018,53.8,78.2,66,81.3
Miami-Dade,-80.5684,25.6148,7,2018-01-03,0.11,56.3,61.9,67.4,61.8,0.02,1.67,2018-01,2018,2018-01,2018,56.3,68,62.2,99.6
Miami-Dade,-80.5684,25.6148,7,2018-01-04,0.02,44.3,53.8,63.3,48.6,0.12,4.74,2018-01,2018,2018-01,2018,43.3,63.3,53.3,82.5
Miami-Dade,-80.5684,25.6148,7,2018-01-05,0,43.3,51.6,59.9,38.3,1.63,9.26,2018-01,2018,2018-01,2018,41.7,59.2,50.4,60.3
Miami-Dade,-80.5684,25.6148,7,2018-01-06,0,45.1,52.2,59.3,35.4,2.22,11.13,2018-01,2018,2018-01,2018,43.4,58.4,50.9,52.6
Miami-Dade,-80.5684,25.6148,7,2018-01-07,0,49.1,57.8,66.5,45.1,0.61,10.87,2018-01,2018,2018-01,2018,47.9,66.1,57,62.6
Miami-Dade,-80.5684,25.6148,7,2018-01-08,0,50.8,60.7,70.6,54.7,0.27,12.7,2018-01,2018,2018-01,2018,50.1,70.9,60.5,80.6
Miami-Dade,-80.5684,25.6148,7,2018-01-09,0.13,58.9,67.3,75.6,65.7,0.05,8.72,2018-01,2018,2018-01,2018,58.9,76.5,67.7,94.6
Miami-Dade,-80.5684,25.6148,7,2018-01-10,0.04,64.4,70.4,76.4,67.4,0.04,6.03,2018-01,2018,2018-01,2018,64.6,77.2,70.9,90.2
Miami-Dade,-80.5684,25.6148,7,2018-01-11,0,65.1,71.1,77.1,67.8,0.13,8.12,2018-01,2018,2018-01,2018,65.3,77.9,71.6,89.3
Miami-Dade,-80.5684,25.6148,7,2018-01-12,0.15,65.6,73.2,80.8,69.1,0.02,11.58,2018-01,2018,2018-01,2018,65.8,87.5,73.8,87
Miami-Dade,-80.5684,25.6148,7,2018-01-13,0.07,66.3,73.4,80.5,70.3,0.33,9.33,2018-01,2018,2018-01,2018,66.6,87.7,74,90.1
Miami-Dade,-80.5684,25.6148,7,2018-01-14,0,50.6,62.8,75,54.3,0.58,13.16,2018-01,2018,2018-01,2018,49.7,75.3,62.5,73.8
Miami-Dade,-80.5684,25.6148,7,2018-01-15,0,51.7,60.6,69.5,53.4,0.41,8.38,2018-01,2018,2018-01,2018,50.9,69.6,60.3,77.1
Miami-Dade,-80.5684,25.6148,7,2018-01-16,0,53.6,63,72.3,57.7,0.42,7.86,2018-01,2018,2018-01,2018,53.1,72.7,62.9,82.8
Miami-Dade,-80.5684,25.6148,7,2018-01-17,0,58.4,66.4,74.4,55.6,0.91,13.62,2018-01,2018,2018-01,2018,57.8,74.6,66.2,68.2
Miami-Dade,-80.5684,25.6148,7,2018-01-18,0,44.3,57.5,70.7,49.7,1.16,11.49,2018-01,2018,2018-01,2018,43.1,70.9,57,75.2
Miami-Dade,-80.5684,25.6148,7,2018-01-19,0,43.5,51.6,59.6,42.9,0.71,7.01,2018-01,2018,2018-01,2018,42.2,59.1,50.7,72.1
Miami-Dade,-80.5684,25.6148,7,2018-01-20,0,48.5,59.4,70.2,53.7,0.48,10.16,2018-01,2018,2018-01,2018,47.7,70.5,59.1,81.4
Miami-Dade,-80.5684,25.6148,7,2018-01-21,0,57.5,65.1,72.7,61.3,0.27,8.05,2018-01,2018,2018-01,2018,57.3,73.2,65.3,87.5
Miami-Dade,-80.5684,25.6148,7,2018-01-22,0,65.8,72,78.3,64.9,0.55,11.87,2018-01,2018,2018-01,2018,65.8,78.9,72.3,78.4
Miami-Dade,-80.5684,25.6148,7,2018-01-23,0,66.1,72.7,79.4,68.2,0.25,12.46,2018-01,2018,2018-01,2018,66.3,83.6,73.2,85.8
Miami-Dade,-80.5684,25.6148,7,2018-01-24,0.02,67.5,75.2,82.9,70.9,0.18,11.95,2018-01,2018,2018-01,2018,67.8,93.3,75.8,86.5
Miami-Dade,-80.5684,25.6148,7,2018-01-25,0.18,62.6,71.4,80.2,65.6,0.27,9.77,2018-01,2018,2018-01,2018,62.5,85,71.7,82
Miami-Dade,-80.5684,25.6148,7,2018-01-26,0,61.8,67.2,72.6,59,2.33,9.27,2018-01,2018,2018-01,2018,61.5,72.8,67.2,75
Miami-Dade,-80.5684,25.6148,7,2018-01-27,0,68.2,71.4,74.5,60,5.12,11.02,2018-01,2018,2018-01,2018,68,74.7,71.4,67.3
Miami-Dade,-80.5684,25.6148,7,2018-01-28,0,70,73.3,76.7,64.7,2.7,11.43,2018-01,2018,2018-01,2018,70.1,77.1,73.6,74.5
Miami-Dade,-80.5684,25.6148,7,2018-01-29,0.07,71.8,75.5,79.2,69.1,1.15,9.65,2018-01,2018,2018-01,2018,72.1,79.9,76,80.6
Miami-Dade,-80.5684,25.6148,7,2018-01-30,0.02,59.8,70.5,81.3,66.7,0.66,10.19,2018-01,2018,2018-01,2018,59.7,89.2,70.9,87.8
Miami-Dade,-80.5684,25.6148,7,2018-01-31,0,52.1,60.3,68.5,45.6,1.51,15.28,2018-01,2018,2018-01,2018,50.9,68.1,59.5,58.3
Miami-Dade,-80.5684,25.6148,7,2018-02-01,0,52.4,62.3,72.2,53.8,0.4,12.92,2018-02,2018,2018-02,2018,51.6,72.4,62,73.7
Miami-Dade,-80.5684,25.6148,7,2018-02-02,0,58.1,67.3,76.4,60.2,0.3,12.95,2018-02,2018,2018-02,2018,57.7,76.9,67.3,78
Miami-Dade,-80.5684,25.6148,7,2018-02-03,0,62.2,71.2,80.2,62.9,0.33,16.11,2018-02,2018,2018-02,2018,61.9,84,71.4,75.1
Miami-Dade,-80.5684,25.6148,7,2018-02-04,0.06,63.8,68.7,73.6,65,0.22,6.42,2018-02,2018,2018-02,2018,63.9,74.2,69.1,88
Miami-Dade,-80.5684,25.6148,7,2018-02-05,0,64.9,72.1,79.2,68.1,0.18,10.42,2018-02,2018,2018-02,2018,65,83.2,72.6,87.3
Miami-Dade,-80.5684,25.6148,7,2018-02-06,0,65.2,73.9,82.5,67.7,0.19,12.7,2018-02,2018,2018-02,2018,65.2,90.3,74.3,81
Miami-Dade,-80.5684,25.6148,7,2018-02-07,0,65.9,72.1,78.2,68,0.46,9.43,2018-02,2018,2018-02,2018,66.1,79,72.6,87
Miami-Dade,-80.5684,25.6148,7,2018-02-08,0,68.6,75.4,82.1,68.3,0.23,14.17,2018-02,2018,2018-02,2018,68.7,88.7,75.9,78.7
Miami-Dade,-80.5684,25.6148,7,2018-02-09,0,68.7,76.3,83.8,69.5,0.21,15.65,2018-02,2018,2018-02,2018,68.9,93.3,76.8,79.6
Miami-Dade,-80.5684,25.6148,7,2018-02-10,0,69.1,75.1,81.1,68.6,0.86,12.37,2018-02,2018,2018-02,2018,69.3,86.7,75.6,80.3
Miami-Dade,-80.5684,25.6148,7,2018-02-11,0,69.2,75.7,82.2,68.8,0.82,14.92,2018-02,2018,2018-02,2018,69.4,89.1,76.2,79.2
Miami-Dade,-80.5684,25.6148,7,2018-02-12,0.02,69.2,76.1,83,70.5,0.54,12.68,2018-02,2018,2018-02,2018,69.5,92.2,76.7,82.9
Miami-Dade,-80.5684,25.6148,7,2018-02-13,0,69.5,76.7,83.9,70.2,0.55,14.56,2018-02,2018,2018-02,2018,69.7,93.9,77.3,80.4
Miami-Dade,-80.5684,25.6148,7,2018-02-14,0,68.5,75.8,83.2,68.2,1.13,16.65,2018-02,2018,2018-02,2018,68.6,91,76.3,77.4
Miami-Dade,-80.5684,25.6148,7,2018-02-15,0,63.6,72.9,82.2,64.7,0.45,17.6,2018-02,2018,2018-02,2018,63.4,88.1,73.2,75.5
Miami-Dade,-80.5684,25.6148,7,2018-02-16,0,60.4,71.5,82.6,62.4,0.15,19.98,2018-02,2018,2018-02,2018,60,88.4,71.6,73.1
Miami-Dade,-80.5684,25.6148,7,2018-02-17,0,61.5,72.7,84,62.3,0.22,22.47,2018-02,2018,2018-02,2018,61.1,90.4,72.8,69.9
Miami-Dade,-80.5684,25.6148,7,2018-02-18,0,62.2,73,83.8,65.6,0.16,18.53,2018-02,2018,2018-02,2018,62,92.6,73.3,77.7
Miami-Dade,-80.5684,25.6148,7,2018-02-19,0.03,65.9,74.4,82.9,64.8,1.26,17.62,2018-02,2018,2018-02,2018,65.7,88.7,74.7,72.1
Miami-Dade,-80.5684,25.6148,7,2018-02-20,0.21,69.2,75,80.8,69.3,0.87,12.93,2018-02,2018,2018-02,2018,69.4,86.4,75.5,82.5
Miami-Dade,-80.5684,25.6148,7,2018-02-21,0.09,71.3,77.1,82.9,70.2,2.09,13.46,2018-02,2018,2018-02,2018,71.6,90.9,77.7,79.4
Miami-Dade,-80.5684,25.6148,7,2018-02-22,0.07,70.8,76.5,82.2,68,1.55,13.89,2018-02,2018,2018-02,2018,71,88,76.9,75.1
Miami-Dade,-80.5684,25.6148,7,2018-02-23,0.09,69,75.2,81.3,68,0.87,13.34,2018-02,2018,2018-02,2018,69.1,86.8,75.7,78.4
Miami-Dade,-80.5684,25.6148,7,2018-02-24,0.03,67.5,74.4,81.2,67,0.67,14.57,2018-02,2018,2018-02,2018,67.6,86.4,74.8,77.8
Miami-Dade,-80.5684,25.6148,7,2018-02-25,0,68.6,75,81.4,67.4,1.32,13.76,2018-02,2018,2018-02,2018,68.7,86.8,75.4,77.3
Miami-Dade,-80.5684,25.6148,7,2018-02-26,0,65.4,74.7,84.1,67.2,0.29,17.56,2018-02,2018,2018-02,2018,65.3,93.3,75.1,77.5
Miami-Dade,-80.5684,25.6148,7,2018-02-27,0.17,65.8,75.3,84.7,67.9,0.14,17.79,2018-02,2018,2018-02,2018,65.8,95.1,75.7,77.9
Miami-Dade,-80.5684,25.6148,7,2018-02-28,0.01,67,75.8,84.6,68.2,0.32,18.09,2018-02,2018,2018-02,2018,67,94.6,76.3,77.4
Miami-Dade,-80.5684,25.6148,7,2018-03-01,0.01,63.1,72.2,81.3,64.6,0.27,15.13,2018-03,2018,2018-03,2018,62.9,86.5,72.5,77.1
Miami-Dade,-80.5684,25.6148,7,2018-03-02,0.03,63.4,74.1,84.9,65.5,0.09,20.35,2018-03,2018,2018-03,2018,63.2,94.3,74.4,74.6
Miami-Dade,-80.5684,25.6148,7,2018-03-03,0.03,60.1,74,87.9,62.8,0.22,24.76,2018-03,2018,2018-03,2018,59.6,98.9,74.2,68.1
Miami-Dade,-80.5684,25.6148,7,2018-03-04,0,55.9,67.5,79,47.4,3.24,23.77,2018-03,2018,2018-03,2018,54.7,78.9,66.9,48.5
Miami-Dade,-80.5684,25.6148,7,2018-03-05,0,55.1,65.7,76.3,49.1,1.45,21.86,2018-03,2018,2018-03,2018,54,76.3,65.1,55
Miami-Dade,-80.5684,25.6148,7,2018-03-06,0,54,65.5,77,52.8,0.45,18.75,2018-03,2018,2018-03,2018,53,77.2,65.1,63.6
Miami-Dade,-80.5684,25.6148,7,2018-03-07,0.03,57.1,68.1,79,57.8,0.6,18.68,2018-03,2018,2018-03,2018,56.4,79.4,68,69.7
Miami-Dade,-80.5684,25.6148,7,2018-03-08,0,52.7,67.1,81.5,59.2,0.37,16.81,2018-03,2018,2018-03,2018,52,86.7,67.1,75.8
Miami-Dade,-80.5684,25.6148,7,2018-03-09,0,51.8,62.9,74,46.5,1.76,17.31,2018-03,2018,2018-03,2018,50.5,73.8,62.2,55
Miami-Dade,-80.5684,25.6148,7,2018-03-10,0,52.5,62.7,72.9,46.5,0.74,18.29,2018-03,2018,2018-03,2018,51.3,72.7,62,55.4
Miami-Dade,-80.5684,25.6148,7,2018-03-11,0,58.9,67.6,76.2,63.2,0.25,12.79,2018-03,2018,2018-03,2018,58.7,76.9,67.8,85.8
Miami-Dade,-80.5684,25.6148,7,2018-03-12,0.13,68.9,77.8,86.7,69.6,0.2,20.32,2018-03,2018,2018-03,2018,69,99.8,78.3,76
Miami-Dade,-80.5684,25.6148,7,2018-03-13,0.12,50.5,63.9,77.3,57.6,0.55,13.02,2018-03,2018,2018-03,2018,49.8,77.9,63.8,80
Miami-Dade,-80.5684,25.6148,7,2018-03-14,0,51.5,62.8,74.1,46.8,1.3,18.55,2018-03,2018,2018-03,2018,50.2,74,62.1,55.9
Miami-Dade,-80.5684,25.6148,7,2018-03-15,0,46,59.5,73.1,43,1.14,18.77,2018-03,2018,2018-03,2018,44.4,72.9,58.6,54.3
Miami-Dade,-80.5684,25.6148,7,2018-03-16,0,49,62.9,76.8,44.9,0.65,23.34,2018-03,2018,2018-03,2018,47.5,76.7,62.1,51.8
Miami-Dade,-80.5684,25.6148,7,2018-03-17,0,54.6,67.5,80.4,54.7,0.26,20.56,2018-03,2018,2018-03,2018,53.7,82.7,67.2,63.6
Miami-Dade,-80.5684,25.6148,7,2018-03-18,0,57.8,69.9,82,59.9,0.14,20.03,2018-03,2018,2018-03,2018,57.2,86.6,69.9,70.6
Miami-Dade,-80.5684,25.6148,7,2018-03-19,0.01,60.9,73.8,86.8,64.4,0.16,24.92,2018-03,2018,2018-03,2018,60.5,98.3,74,72.5
Miami-Dade,-80.5684,25.6148,7,2018-03-20,0.03,63.2,75.3,87.4,68.1,0.07,20.73,2018-03,2018,2018-03,2018,63.1,103.3,75.8,78.4
Miami-Dade,-80.5684,25.6148,7,2018-03-21,0,67.1,77.3,87.4,69,0.34,20,2018-03,2018,2018-03,2018,67.1,101.7,77.8,75.7
Miami-Dade,-80.5684,25.6148,7,2018-03-22,0,51.3,65.3,79.3,52.5,0.83,19.6,2018-03,2018,2018-03,2018,50.2,79.6,64.9,63.3
Miami-Dade,-80.5684,25.6148,7,2018-03-23,0,47.6,60.4,73.3,42.2,1.23,19.7,2018-03,2018,2018-03,2018,46,73,59.5,51
Miami-Dade,-80.5684,25.6148,7,2018-03-24,0,51.7,64.5,77.2,43.1,1.71,25.31,2018-03,2018,2018-03,2018,50.2,77,63.6,45.7
Miami-Dade,-80.5684,25.6148,7,2018-03-25,0,54.8,66.4,77.9,55.5,0.27,17.72,2018-03,2018,2018-03,2018,54,78.2,66.2,68
Miami-Dade,-80.5684,25.6148,7,2018-03-26,0.01,60.4,72.7,85,60.9,0.39,23.67,2018-03,2018,2018-03,2018,59.8,91.4,72.7,66.5
Miami-Dade,-80.5684,25.6148,7,2018-03-27,0.01,64.4,74.5,84.7,63.6,0.75,22.74,2018-03,2018,2018-03,2018,64.1,91.6,74.7,68.9
Miami-Dade,-80.5684,25.6148,7,2018-03-28,0,62.4,69.8,77.2,55.7,3.32,17.09,2018-03,2018,2018-03,2018,61.8,77.3,69.6,60.9
Miami-Dade,-80.5684,25.6148,7,2018-03-29,0,66.3,73.1,79.9,58.4,5.52,19.11,2018-03,2018,2018-03,2018,65.9,81.7,73,60.1
Miami-Dade,-80.5684,25.6148,7,2018-03-30,0,62.2,72,81.8,61.4,0.73,18.8,2018-03,2018,2018-03,2018,61.8,85.9,72.1,69.3
Miami-Dade,-80.5684,25.6148,7,2018-03-31,0,61.2,72.5,83.8,64.4,0.15,19.22,2018-03,2018,2018-03,2018,60.9,91.9,72.8,75.8
Miami-Dade,-80.5684,25.6148,7,2018-04-01,0,63.7,74.1,84.5,64.6,0.44,20.58,2018-04,2018,2018-04,2018,63.4,92.4,74.4,72.3
Miami-Dade,-80.5684,25.6148,7,2018-04-02,0,62.5,73.1,83.7,64.8,0.22,19.33,2018-04,2018,2018-04,2018,62.2,91.5,73.4,75.3
Miami-Dade,-80.5684,25.6148,7,2018-04-03,0,62.8,74.1,85.4,64.5,0.36,22.1,2018-04,2018,2018-04,2018,62.5,94.4,74.3,72
Miami-Dade,-80.5684,25.6148,7,2018-04-04,0,63.4,73.8,84.1,64.4,0.25,20.25,2018-04,2018,2018-04,2018,63.1,91.5,74,72.5
Miami-Dade,-80.5684,25.6148,7,2018-04-05,0.09,61.2,74.3,87.3,65.8,0.03,22.4,2018-04,2018,2018-04,2018,60.9,101,74.6,74.9
Miami-Dade,-80.5684,25.6148,7,2018-04-06,0.03,62.2,74.3,86.3,65.2,0.23,21.65,2018-04,2018,2018-04,2018,61.9,97.3,74.6,73.3
Miami-Dade,-80.5684,25.6148,7,2018-04-07,0,60.4,72.9,85.5,63.8,0.04,22.23,2018-04,2018,2018-04,2018,60,95.2,73.1,73.2
Miami-Dade,-80.5684,25.6148,7,2018-04-08,0,65,76.4,87.8,67.3,0.09,22.87,2018-04,2018,2018-04,2018,64.8,101.6,76.8,73.5
Miami-Dade,-80.5684,25.6148,7,2018-04-09,0,65.1,77.7,90.4,67.7,0.12,26.45,2018-04,2018,2018-04,2018,64.9,108.1,78.1,71.4
Miami-Dade,-80.5684,25.6148,7,2018-04-10,0,67.1,79,90.9,68.4,0.26,26.59,2018-04,2018,2018-04,2018,67,108.7,79.4,70.1
Miami-Dade,-80.5684,25.6148,7,2018-04-11,0,64.3,78.1,91.8,67.5,0.04,28.2,2018-04,2018,2018-04,2018,64,111.5,78.5,70
Miami-Dade,-80.5684,25.6148,7,2018-04-12,0,61.1,73.9,86.7,63.1,0.54,22.01,2018-04,2018,2018-04,2018,60.6,96.4,74.1,69.1
Miami-Dade,-80.5684,25.6148,7,2018-04-13,0,63.9,73.9,83.8,61.3,1.5,21.5,2018-04,2018,2018-04,2018,63.5,88.5,74,64.8
Miami-Dade,-80.5684,25.6148,7,2018-04-14,0,62.5,73.5,84.6,62.2,0.3,23.99,2018-04,2018,2018-04,2018,62.1,91,73.6,67.8
Miami-Dade,-80.5684,25.6148,7,2018-04-15,0,69.4,78.7,88,69.8,0.91,23.08,2018-04,2018,2018-04,2018,69.5,102.7,79.2,74.3
Miami-Dade,-80.5684,25.6148,7,2018-04-16,0.59,63.1,75.9,88.7,69.5,0.26,20.75,2018-04,2018,2018-04,2018,63,109.1,76.4,80.6
Miami-Dade,-80.5684,25.6148,7,2018-04-17,0,52.1,67.4,82.6,53.8,0.36,25.52,2018-04,2018,2018-04,2018,51,85.7,67.1,61.7
Miami-Dade,-80.5684,25.6148,7,2018-04-18,0,53.6,67.9,82.2,52.3,0.21,28.12,2018-04,2018,2018-04,2018,52.5,84.2,67.5,57.4
Miami-Dade,-80.5684,25.6148,7,2018-04-19,0,55.3,69.9,84.5,59.6,0.04,23.37,2018-04,2018,2018-04,2018,54.6,91.5,69.9,69.9
Miami-Dade,-80.5684,25.6148,7,2018-04-20,0,61.1,74.6,88.1,62.7,0.2,27.67,2018-04,2018,2018-04,2018,60.6,98.6,74.7,66.5
Miami-Dade,-80.5684,25.6148,7,2018-04-21,0,63,77.1,91.2,64.1,0.12,34.27,2018-04,2018,2018-04,2018,62.5,105.5,77.3,64.3
Miami-Dade,-80.5684,25.6148,7,2018-04-22,0.01,68,78.2,88.4,67.6,0.37,27.63,2018-04,2018,2018-04,2018,67.9,101.3,78.6,70
Miami-Dade,-80.5684,25.6148,7,2018-04-23,0.03,68.5,78.1,87.6,70.4,0.23,20.15,2018-04,2018,2018-04,2018,68.6,103.3,78.7,77.3
Miami-Dade,-80.5684,25.6148,7,2018-04-24,0.09,68,78.3,88.7,70.9,0.05,21.31,2018-04,2018,2018-04,2018,68.1,107.3,78.9,78.1
Miami-Dade,-80.5684,25.6148,7,2018-04-25,0,66.3,79,91.7,68.3,0.5,29.5,2018-04,2018,2018-04,2018,66.1,111.1,79.4,69.9
Miami-Dade,-80.5684,25.6148,7,2018-04-26,0,57.3,72.6,88,60.5,0.13,27.63,2018-04,2018,2018-04,2018,56.6,98,72.6,65.8
Miami-Dade,-80.5684,25.6148,7,2018-04-27,0.02,65.6,76.3,87,65,0.6,23.68,2018-04,2018,2018-04,2018,65.3,96.7,76.6,68.1
Miami-Dade,-80.5684,25.6148,7,2018-04-28,1.13,66.1,75,83.9,69.7,0.32,14.28,2018-04,2018,2018-04,2018,66.2,95.1,75.6,83.6
Miami-Dade,-80.5684,25.6148,7,2018-04-29,0,58.2,72.6,87,60.9,0.2,28.62,2018-04,2018,2018-04,2018,57.5,96,72.6,66.8
Miami-Dade,-80.5684,25.6148,7,2018-04-30,0,64.5,75.4,86.4,64.3,0.58,23.23,2018-04,2018,2018-04,2018,64.2,95.4,75.6,68.5
Miami-Dade,-80.5684,25.6148,7,2018-05-01,0,63.3,74,84.7,61.2,1.1,22.84,2018-05,2018,2018-05,2018,62.8,90.1,74.1,64.4
Miami-Dade,-80.5684,25.6148,7,2018-05-02,0,70.3,77.7,85.1,65.7,1.67,20.2,2018-05,2018,2018-05,2018,70.2,91.7,78,66.7
Miami-Dade,-80.5684,25.6148,7,2018-05-03,0,72.9,79.2,85.4,66.6,4.05,19.45,2018-05,2018,2018-05,2018,72.9,91.9,79.5,65.5
Miami-Dade,-80.5684,25.6148,7,2018-05-04,0.02,68.6,77,85.4,68.9,0.56,18.58,2018-05,2018,2018-05,2018,68.7,96.3,77.5,76.2
Miami-Dade,-80.5684,25.6148,7,2018-05-05,0.12,68.2,76.8,85.4,65.8,0.42,21.88,2018-05,2018,2018-05,2018,68.1,93.2,77.1,68.9
Miami-Dade,-80.5684,25.6148,7,2018-05-06,0.15,69.1,77.1,85.1,71.6,0.18,14.77,2018-05,2018,2018-05,2018,69.4,98.6,77.8,83.2
Miami-Dade,-80.5684,25.6148,7,2018-05-07,0.04,65.3,77.6,90,69.4,0.05,24.92,2018-05,2018,2018-05,2018,65.2,110.2,78.1,76
Miami-Dade,-80.5684,25.6148,7,2018-05-08,0.03,69.2,80.1,91,69.9,0.07,27.94,2018-05,2018,2018-05,2018,69.2,109.9,83.3,71.2
Miami-Dade,-80.5684,25.6148,7,2018-05-09,0.03,65.8,77.2,88.6,66.8,0.18,23,2018-05,2018,2018-05,2018,65.6,102.1,77.6,70.4
Miami-Dade,-80.5684,25.6148,7,2018-05-10,0,63.8,75.2,86.6,64.7,0.26,22.99,2018-05,2018,2018-05,2018,63.5,96.5,75.5,69.9
Miami-Dade,-80.5684,25.6148,7,2018-05-11,0,66.8,76.4,86,66.2,0.42,21.05,2018-05,2018,2018-05,2018,66.7,95.4,76.7,70.8
Miami-Dade,-80.5684,25.6148,7,2018-05-12,0,70,79.1,88.1,65.7,1.11,28.76,2018-05,2018,2018-05,2018,69.8,97.1,79.4,63.7
Miami-Dade,-80.5684,25.6148,7,2018-05-13,0.18,68.4,74.3,80.1,67.6,0.49,14.8,2018-05,2018,2018-05,2018,68.5,84.4,74.7,79.7
Miami-Dade,-80.5684,25.6148,7,2018-05-14,0.63,70.9,75.5,80.1,72.4,0.09,5.72,2018-05,2018,2018-05,2018,71.4,86.6,76.2,90.1
Miami-Dade,-80.5684,25.6148,7,2018-05-15,1.2,67.2,76.2,85.2,71.4,0.05,14.84,2018-05,2018,2018-05,2018,67.4,99.8,76.9,85.1
Miami-Dade,-80.5684,25.6148,7,2018-05-16,2.05,68.7,78.5,88.3,71.4,0.14,17.97,2018-05,2018,2018-05,2018,68.8,106.5,79.1,78.9
Miami-Dade,-80.5684,25.6148,7,2018-05-17,0.1,72.7,80.1,87.6,73.3,0.44,17.28,2018-05,2018,2018-05,2018,73.1,104.8,84.4,79.9
Miami-Dade,-80.5684,25.6148,7,2018-05-18,0.13,69.9,75.5,81,72.4,0.22,7.8,2018-05,2018,2018-05,2018,70.4,89.1,76.2,90.1
Miami-Dade,-80.5684,25.6148,7,2018-05-19,0.57,72.5,79.3,86.1,72.1,0.42,15.67,2018-05,2018,2018-05,2018,72.8,99.4,80,78.7
Miami-Dade,-80.5684,25.6148,7,2018-05-20,2.37,70.7,75.7,80.6,71.4,0.25,8.77,2018-05,2018,2018-05,2018,71.1,86.9,76.4,86.6
Miami-Dade,-80.5684,25.6148,7,2018-05-21,0.65,71.1,75.9,80.8,72.6,0.21,7.74,2018-05,2018,2018-05,2018,71.6,88.4,76.7,89.6
Miami-Dade,-80.5684,25.6148,7,2018-05-22,0.38,72.2,76.1,80,72.9,0.5,8.58,2018-05,2018,2018-05,2018,72.8,85.6,76.9,89.9
Miami-Dade,-80.5684,25.6148,7,2018-05-23,0,72.8,77.8,82.8,71.9,0.78,11.95,2018-05,2018,2018-05,2018,73.2,91.4,78.5,82.1
Miami-Dade,-80.5684,25.6148,7,2018-05-24,0,73.6,80.1,86.6,72.7,0.47,17.18,2018-05,2018,2018-05,2018,74,100.7,84.2,78.3
Miami-Dade,-80.5684,25.6148,7,2018-05-25,0.33,74.6,80.6,86.6,73.8,0.68,15.86,2018-05,2018,2018-05,2018,75.1,101.6,85.5,79.9
Miami-Dade,-80.5684,25.6148,7,2018-05-26,1.32,71.7,75.7,79.6,73.6,0.12,4.96,2018-05,2018,2018-05,2018,72.3,84.9,76.5,93.2
Miami-Dade,-80.5684,25.6148,7,2018-05-27,1.26,71.5,73.9,76.2,72.8,0.31,2.82,2018-05,2018,2018-05,2018,72.2,77.1,74.7,96.4
Miami-Dade,-80.5684,25.6148,7,2018-05-28,0.2,73.8,78.8,83.9,74.3,0.43,10.83,2018-05,2018,2018-05,2018,74.4,96.2,79.6,86.2
Miami-Dade,-80.5684,25.6148,7,2018-05-29,0.2,73.8,77.4,81,72.5,0.48,10.24,2018-05,2018,2018-05,2018,74.3,87.4,78.1,84.9
Miami-Dade,-80.5684,25.6148,7,2018-05-30,0.04,74.9,80.4,85.8,74.5,0.64,16.47,2018-05,2018,2018-05,2018,75.4,100.4,85.5,82.3
Miami-Dade,-80.5684,25.6148,7,2018-05-31,0.03,76.8,82.7,88.6,75.2,0.83,17.79,2018-05,2018,2018-05,2018,77.3,107.1,90,78.2
Miami-Dade,-80.5684,25.6148,7,2018-06-01,0.06,74.1,80.1,86,74.9,0.29,12.46,2018-06,2018,2018-06,2018,74.6,102,85,84.2
Miami-Dade,-80.5684,25.6148,7,2018-06-02,0.14,71.2,79.4,87.6,71.4,0.58,20.59,2018-06,2018,2018-06,2018,71.4,102.8,82.6,76.6
Miami-Dade,-80.5684,25.6148,7,2018-06-03,0.79,75.2,83.3,91.4,71.9,0.63,29.51,2018-06,2018,2018-06,2018,75.4,109.2,88.6,68.7
Miami-Dade,-80.5684,25.6148,7,2018-06-04,0,75.9,83.9,91.9,74,0.5,24.49,2018-06,2018,2018-06,2018,76.2,113.8,91,72.3
Miami-Dade,-80.5684,25.6148,7,2018-06-05,0,76.3,83.9,91.6,74.1,1.08,24.23,2018-06,2018,2018-06,2018,76.7,112.9,91.1,72.5
Miami-Dade,-80.5684,25.6148,7,2018-06-06,0,76.1,84.2,92.2,73.6,1.04,27.17,2018-06,2018,2018-06,2018,76.4,113.3,91.1,70.6
Miami-Dade,-80.5684,25.6148,7,2018-06-07,0,75.5,83.9,92.2,72.3,1.58,26.6,2018-06,2018,2018-06,2018,75.7,111.4,89.7,68.3
Miami-Dade,-80.5684,25.6148,7,2018-06-08,0.58,73.5,81.1,88.8,72.8,0.87,19.22,2018-06,2018,2018-06,2018,73.8,106.3,85.9,76
Miami-Dade,-80.5684,25.6148,7,2018-06-09,0.59,72.9,81.1,89.2,74.1,0.29,18.52,2018-06,2018,2018-06,2018,73.3,110,86.5,79.4
Miami-Dade,-80.5684,25.6148,7,2018-06-10,0.1,74,80.4,86.8,74.2,0.49,14.44,2018-06,2018,2018-06,2018,74.5,103.2,85.3,81.5
Miami-Dade,-80.5684,25.6148,7,2018-06-11,0.54,74.5,80.6,86.7,73.4,0.73,14.04,2018-06,2018,2018-06,2018,74.9,101.3,85.3,78.8
Miami-Dade,-80.5684,25.6148,7,2018-06-12,0.12,74.8,80.5,86.2,73.1,0.75,15.52,2018-06,2018,2018-06,2018,75.2,99.5,85,78.3
Miami-Dade,-80.5684,25.6148,7,2018-06-13,0.71,73.3,79.6,85.8,74.4,0.51,13.32,2018-06,2018,2018-06,2018,73.8,101.3,83.9,84.2
Miami-Dade,-80.5684,25.6148,7,2018-06-14,0.17,74.3,81.2,88.1,74.4,0.44,16.22,2018-06,2018,2018-06,2018,74.7,106.5,86.9,79.9
Miami-Dade,-80.5684,25.6148,7,2018-06-15,0.06,74.4,81.3,88.3,73.6,0.67,17.29,2018-06,2018,2018-06,2018,74.8,105.7,86.6,77.6
Miami-Dade,-80.5684,25.6148,7,2018-06-16,0.01,73.8,81.5,89.2,73.3,0.87,18.45,2018-06,2018,2018-06,2018,74.1,107.8,86.8,76.3
Miami-Dade,-80.5684,25.6148,7,2018-06-17,0.87,76.8,83.8,90.8,74.6,1.09,21.7,2018-06,2018,2018-06,2018,77.2,111.4,91.3,74
Miami-Dade,-80.5684,25.6148,7,2018-06-18,0.2,76.9,83.2,89.4,75,0.98,19.08,2018-06,2018,2018-06,2018,77.4,108.5,90.7,76.4
Miami-Dade,-80.5684,25.6148,7,2018-06-19,0.19,76.6,82.5,88.4,74.6,1.26,16.6,2018-06,2018,2018-06,2018,77.1,105.8,89.3,77.2
Miami-Dade,-80.5684,25.6148,7,2018-06-20,0.06,75.7,82.5,89.2,73.8,1.07,19.85,2018-06,2018,2018-06,2018,76.1,106.9,88.7,75.1
Miami-Dade,-80.5684,25.6148,7,2018-06-21,0.06,77.1,84.8,92.5,73.9,1.73,27.84,2018-06,2018,2018-06,2018,77.4,113.8,92.2,70
Miami-Dade,-80.5684,25.6148,7,2018-06-22,0,77.9,85.1,92.3,75.7,1.13,23.32,2018-06,2018,2018-06,2018,78.4,116.3,94.4,73.6
Miami-Dade,-80.5684,25.6148,7,2018-06-23,0.02,78.8,85.9,93.1,75.2,1.04,25.58,2018-06,2018,2018-06,2018,79.2,116.4,95.1,70.6
Miami-Dade,-80.5684,25.6148,7,2018-06-24,0.32,76,83,90.1,74.8,1.05,20.16,2018-06,2018,2018-06,2018,76.4,110.9,90.2,76.4
Miami-Dade,-80.5684,25.6148,7,2018-06-25,1.94,73.6,81.9,90.2,73.9,0.51,21.26,2018-06,2018,2018-06,2018,73.9,111.5,87.8,76.8
Miami-Dade,-80.5684,25.6148,7,2018-06-26,0.19,75.7,82.8,90,74.4,1.35,20.2,2018-06,2018,2018-06,2018,76.1,110.2,89.6,75.9
Miami-Dade,-80.5684,25.6148,7,2018-06-27,0.75,73.9,81.8,89.7,73.7,0.76,19.44,2018-06,2018,2018-06,2018,74.2,109.7,87.5,76.6
Miami-Dade,-80.5684,25.6148,7,2018-06-28,0.02,76.3,83.3,90.2,73.8,1.06,20.53,2018-06,2018,2018-06,2018,76.7,108.8,89.9,73.2
Miami-Dade,-80.5684,25.6148,7,2018-06-29,0.08,75.1,83.5,92,73.8,1.32,24.69,2018-06,2018,2018-06,2018,75.4,114.4,90.2,72.7
Miami-Dade,-80.5684,25.6148,7,2018-06-30,0.08,76.3,83.2,90.2,74.6,1.47,20.86,2018-06,2018,2018-06,2018,76.7,110.5,90.4,75.4
Miami-Dade,-80.5684,25.6148,7,2018-07-01,0.44,75.1,80.4,85.8,75,0.19,11.85,2018-07,2018,2018-07,2018,75.7,101.1,85.7,83.7
Miami-Dade,-80.5684,25.6148,7,2018-07-02,0.03,78.4,84.4,90.4,74.2,1.44,20.27,2018-07,2018,2018-07,2018,78.9,108.3,91.9,71.6
Miami-Dade,-80.5684,25.6148,7,2018-07-03,0.06,78.3,85,91.7,74.4,2.11,22.52,2018-07,2018,2018-07,2018,78.7,111.8,93,70.7
Miami-Dade,-80.5684,25.6148,7,2018-07-04,0,77.5,83.8,90.1,73.7,2.53,20.55,2018-07,2018,2018-07,2018,77.9,107.5,90.6,71.8
Miami-Dade,-80.5684,25.6148,7,2018-07-05,1.26,73.7,81.6,89.4,73.6,0.82,19.04,2018-07,2018,2018-07,2018,74,108.8,87.1,76.8
Miami-Dade,-80.5684,25.6148,7,2018-07-06,0.15,74.8,82.1,89.5,75.1,1.36,17.09,2018-07,2018,2018-07,2018,75.3,111.1,88.9,79.5
Miami-Dade,-80.5684,25.6148,7,2018-07-07,0,78.4,84.6,90.9,72.4,5.82,24.04,2018-07,2018,2018-07,2018,78.7,106.5,90.8,67
Miami-Dade,-80.5684,25.6148,7,2018-07-08,0.11,78.4,84.3,90.2,73.2,3.39,20.37,2018-07,2018,2018-07,2018,78.8,106.2,91,69.5
Miami-Dade,-80.5684,25.6148,7,2018-07-09,0,79.4,85.2,91,74.5,3.33,22.98,2018-07,2018,2018-07,2018,79.9,109.4,93.4,70.5
Miami-Dade,-80.5684,25.6148,7,2018-07-10,0.16,77.9,84.7,91.5,74.8,1.83,22.61,2018-07,2018,2018-07,2018,78.3,112.5,92.9,72.4
Miami-Dade,-80.5684,25.6148,7,2018-07-11,0.23,76.1,83.1,90.2,74.1,1.53,21.02,2018-07,2018,2018-07,2018,76.5,109.7,89.8,74.4
Miami-Dade,-80.5684,25.6148,7,2018-07-12,0.73,72.7,81.5,90.3,73.6,0.99,21.08,2018-07,2018,2018-07,2018,73,112.1,87,77.1
Miami-Dade,-80.5684,25.6148,7,2018-07-13,1.67,72.7,81.5,90.4,73.2,1,20,2018-07,2018,2018-07,2018,73,111.6,86.7,76
Miami-Dade,-80.5684,25.6148,7,2018-07-14,0.04,77.3,85,92.7,73.7,2.61,25.03,2018-07,2018,2018-07,2018,77.6,113.7,92.4,69.1
Miami-Dade,-80.5684,25.6148,7,2018-07-15,0.04,77.3,84.5,91.7,73.3,3.63,24.24,2018-07,2018,2018-07,2018,77.6,110.7,91.3,69.3
Miami-Dade,-80.5684,25.6148,7,2018-07-16,0,78.3,85.5,92.6,72.9,3.38,28.18,2018-07,2018,2018-07,2018,78.6,111,92.4,66.2
Miami-Dade,-80.5684,25.6148,7,2018-07-17,0.4,78,84.3,90.7,75.8,1.66,20.69,2018-07,2018,2018-07,2018,78.5,112.5,93.2,75.8
Miami-Dade,-80.5684,25.6148,7,2018-07-18,0.35,78.6,84.9,91.2,76.1,1.98,20.83,2018-07,2018,2018-07,2018,79.1,113.7,94.5,75.1
Miami-Dade,-80.5684,25.6148,7,2018-07-19,0.12,78.5,85.4,92.2,75.8,1.89,24.01,2018-07,2018,2018-07,2018,79,115.6,94.9,73.2
Miami-Dade,-80.5684,25.6148,7,2018-07-20,0.01,79.3,86.7,94,75.2,2.76,28.26,2018-07,2018,2018-07,2018,79.7,117.9,96.2,68.8
Miami-Dade,-80.5684,25.6148,7,2018-07-21,0,78.9,85.2,91.6,75.2,2.9,22.16,2018-07,2018,2018-07,2018,79.4,112.7,94,72.2
Miami-Dade,-80.5684,25.6148,7,2018-07-22,0,81.3,87.1,92.8,75.3,3.93,26.37,2018-07,2018,2018-07,2018,84.8,113.3,96.9,68.2
Miami-Dade,-80.5684,25.6148,7,2018-07-23,0.09,78.5,85.3,92.1,76.1,2.35,20.64,2018-07,2018,2018-07,2018,79,116,95.1,74.1
Miami-Dade,-80.5684,25.6148,7,2018-07-24,0.42,76.2,84.1,91.9,75.6,1.74,19.94,2018-07,2018,2018-07,2018,76.6,116.8,92.7,75.8
Miami-Dade,-80.5684,25.6148,7,2018-07-25,0.65,76.8,82.5,88.2,76.4,1.13,14.36,2018-07,2018,2018-07,2018,77.4,108.2,90.6,81.9
Miami-Dade,-80.5684,25.6148,7,2018-07-26,0,79.6,86,92.4,76.2,2.71,22.49,2018-07,2018,2018-07,2018,82.6,115.8,96.3,72.7
Miami-Dade,-80.5684,25.6148,7,2018-07-27,0.99,77.8,85.1,92.3,75.3,3.03,22.99,2018-07,2018,2018-07,2018,78.2,115.4,94,72.6
Miami-Dade,-80.5684,25.6148,7,2018-07-28,0.04,79,84.7,90.3,76.1,2.02,18.2,2018-07,2018,2018-07,2018,79.6,110.9,94.1,75.6
Miami-Dade,-80.5684,25.6148,7,2018-07-29,0.12,78.2,83.9,89.6,75.2,2.36,16.75,2018-07,2018,2018-07,2018,78.7,108.3,92,75.2
Miami-Dade,-80.5684,25.6148,7,2018-07-30,0.13,75.4,80.9,86.4,73.8,1.35,14.35,2018-07,2018,2018-07,2018,75.9,100.6,86,79.1
Miami-Dade,-80.5684,25.6148,7,2018-07-31,0.47,75.5,80.4,85.2,74.1,1.71,12.5,2018-07,2018,2018-07,2018,76,98,85.3,81.2
Miami-Dade,-80.5684,25.6148,7,2018-08-01,0.02,77.8,84.2,90.6,75.3,2.46,18.32,2018-08,2018,2018-08,2018,78.3,111.3,92.6,74.8
Miami-Dade,-80.5684,25.6148,7,2018-08-02,0.53,77,82.3,87.7,76,2.03,13.59,2018-08,2018,2018-08,2018,77.6,106.1,89.9,81.4
Miami-Dade,-80.5684,25.6148,7,2018-08-03,0.03,77.9,83.7,89.5,74.6,3.66,19.4,2018-08,2018,2018-08,2018,78.4,107.3,91.2,74.2
Miami-Dade,-80.5684,25.6148,7,2018-08-04,0.01,78,83.7,89.4,74.9,3.02,18.31,2018-08,2018,2018-08,2018,78.5,107.5,91.4,75
Miami-Dade,-80.5684,25.6148,7,2018-08-05,0.01,79.4,84.7,90,74.9,3.69,20.01,2018-08,2018,2018-08,2018,79.9,107.7,93,72.6
Miami-Dade,-80.5684,25.6148,7,2018-08-06,0.01,78.5,84.4,90.2,73.8,5.1,22.01,2018-08,2018,2018-08,2018,78.9,107,91.6,70.7
Miami-Dade,-80.5684,25.6148,7,2018-08-07,0.37,77.7,84.4,91.1,73.7,2.88,24.4,2018-08,2018,2018-08,2018,78.1,109.6,91.5,70.4
Miami-Dade,-80.5684,25.6148,7,2018-08-08,0.45,75,82.2,89.3,75.4,1.27,17.91,2018-08,2018,2018-08,2018,75.5,110.8,89.3,80
Miami-Dade,-80.5684,25.6148,7,2018-08-09,0,80.1,86,91.8,75.3,2.76,22.96,2018-08,2018,2018-08,2018,83.2,112,95.3,70.6
Miami-Dade,-80.5684,25.6148,7,2018-08-10,0.44,75.8,84.3,92.9,74.7,2.46,23.41,2018-08,2018,2018-08,2018,76.2,118,92.2,73.1
Miami-Dade,-80.5684,25.6148,7,2018-08-11,2.28,73,83.2,93.4,73.2,0.88,27.18,2018-08,2018,2018-08,2018,73.2,118.8,89.4,72
Miami-Dade,-80.5684,25.6148,7,2018-08-12,0.28,76,83,89.9,74.4,1.22,19.66,2018-08,2018,2018-08,2018,76.4,109.4,89.9,75.4
Miami-Dade,-80.5684,25.6148,7,2018-08-13,0.2,77.3,82.8,88.2,73.9,2.19,17.67,2018-08,2018,2018-08,2018,77.8,103.5,89.2,74.6
Miami-Dade,-80.5684,25.6148,7,2018-08-14,0,78.6,85.2,91.8,74.3,3.31,22.55,2018-08,2018,2018-08,2018,79,111.5,93.2,70
Miami-Dade,-80.5684,25.6148,7,2018-08-15,0.2,76.9,82.8,88.7,74.8,2.1,17.87,2018-08,2018,2018-08,2018,77.4,106.5,89.9,76.9
Miami-Dade,-80.5684,25.6148,7,2018-08-16,0,79.5,85,90.4,74.7,4.19,21.04,2018-08,2018,2018-08,2018,82.3,108.1,93.2,71.4
Miami-Dade,-80.5684,25.6148,7,2018-08-17,0.01,78.7,84.6,90.5,74.8,4.36,21.48,2018-08,2018,2018-08,2018,79.2,109.3,92.7,72.6
Miami-Dade,-80.5684,25.6148,7,2018-08-18,0,79.6,85.1,90.5,75.4,3.42,20.26,2018-08,2018,2018-08,2018,82.6,109.6,94.1,72.9
Miami-Dade,-80.5684,25.6148,7,2018-08-19,0.18,78,84.6,91.2,75.2,2.8,21.68,2018-08,2018,2018-08,2018,78.5,112.4,93.1,73.6
Miami-Dade,-80.5684,25.6148,7,2018-08-20,1.64,74.4,82.3,90.2,75.1,0.77,18.21,2018-08,2018,2018-08,2018,74.8,113.3,89.3,79
Miami-Dade,-80.5684,25.6148,7,2018-08-21,0,78.3,84.6,91,75.6,1.98,20.36,2018-08,2018,2018-08,2018,78.8,112.6,93.5,74.6
Miami-Dade,-80.5684,25.6148,7,2018-08-22,0,79.8,85.4,91.1,74.3,3.58,23.59,2018-08,2018,2018-08,2018,82.6,109,93.5,69.6
Miami-Dade,-80.5684,25.6148,7,2018-08-23,0.11,78.1,83.9,89.6,75,2.49,18.91,2018-08,2018,2018-08,2018,78.6,107.9,91.8,74.7
Miami-Dade,-80.5684,25.6148,7,2018-08-24,0.02,78,83.7,89.4,74.7,3.01,18.59,2018-08,2018,2018-08,2018,78.5,107.2,91.3,74.5
Miami-Dade,-80.5684,25.6148,7,2018-08-25,0.02,77.7,83.8,89.8,75.3,3.14,18.54,2018-08,2018,2018-08,2018,78.2,109.3,91.9,75.7
Miami-Dade,-80.5684,25.6148,7,2018-08-26,0.35,75.8,81.8,87.8,74.4,1.72,14.26,2018-08,2018,2018-08,2018,76.3,104.6,87.9,78.4
Miami-Dade,-80.5684,25.6148,7,2018-08-27,0.09,76.8,83.1,89.3,74.6,2.41,19.32,2018-08,2018,2018-08,2018,77.3,107.7,90.2,75.7
Miami-Dade,-80.5684,25.6148,7,2018-08-28,0.38,76.1,83,89.9,74.6,1.73,19.14,2018-08,2018,2018-08,2018,76.5,109.8,90.1,75.9
Miami-Dade,-80.5684,25.6148,7,2018-08-29,0.02,78.9,83.8,88.8,74.8,3.97,17.61,2018-08,2018,2018-08,2018,79.4,105.3,91.5,74.5
Miami-Dade,-80.5684,25.6148,7,2018-08-30,0.09,77.6,83.8,89.9,74.8,3.43,19.44,2018-08,2018,2018-08,2018,78.1,108.8,91.5,74.5
Miami-Dade,-80.5684,25.6148,7,2018-08-31,0.78,76.2,81.7,87.3,74.7,2.37,14.8,2018-08,2018,2018-08,2018,76.7,103.6,87.9,79.4
Miami-Dade,-80.5684,25.6148,7,2018-09-01,0.14,76.3,82.8,89.3,75.4,1.67,17.46,2018-09,2018,2018-09,2018,76.8,109.7,90.3,78.5
Miami-Dade,-80.5684,25.6148,7,2018-09-02,0.1,76.1,82.8,89.4,74.1,2.76,18.37,2018-09,2018,2018-09,2018,76.5,107.6,89.4,75.1
Miami-Dade,-80.5684,25.6148,7,2018-09-03,1.5,73.6,80,86.5,73.8,0.92,14.75,2018-09,2018,2018-09,2018,74,102.2,84.4,81.5
Miami-Dade,-80.5684,25.6148,7,2018-09-04,2.89,73.6,75.7,77.7,74.6,0.14,3.09,2018-09,2018,2018-09,2018,74.4,78.7,76.6,96.4
Miami-Dade,-80.5684,25.6148,7,2018-09-05,0,78.1,82.9,87.8,75.8,2.13,15.05,2018-09,2018,2018-09,2018,78.7,105.1,90.8,79.3
Miami-Dade,-80.5684,25.6148,7,2018-09-06,0.09,79.1,83.8,88.6,75.2,2.8,15.87,2018-09,2018,2018-09,2018,79.7,105.3,91.8,75.5
Miami-Dade,-80.5684,25.6148,7,2018-09-07,0.15,76.5,82.5,88.4,74.1,2.65,17.3,2018-09,2018,2018-09,2018,77,104.9,88.9,75.9
Miami-Dade,-80.5684,25.6148,7,2018-09-08,0.08,74.4,79.7,84.9,73.4,1.3,12.82,2018-09,2018,2018-09,2018,74.9,97.1,83.7,81.2
Miami-Dade,-80.5684,25.6148,7,2018-09-09,0.14,76.8,81.5,86.1,74.6,0.78,14.03,2018-09,2018,2018-09,2018,77.4,100,87.5,79.7
Miami-Dade,-80.5684,25.6148,7,2018-09-10,0,78.1,83,87.9,75,1.84,16.6,2018-09,2018,2018-09,2018,78.7,104,90.4,76.9
Miami-Dade,-80.5684,25.6148,7,2018-09-11,0.88,77.5,82.8,88,75,2.04,15.01,2018-09,2018,2018-09,2018,78,104.6,90,77.4
Miami-Dade,-80.5684,25.6148,7,2018-09-12,0,78.5,83.9,89.3,75.4,1.42,17.96,2018-09,2018,2018-09,2018,79.1,107.7,92.2,75.7
Miami-Dade,-80.5684,25.6148,7,2018-09-13,0.04,79.6,85.1,90.6,76.3,2.22,20.42,2018-09,2018,2018-09,2018,82.9,111.6,95,75.1
Miami-Dade,-80.5684,25.6148,7,2018-09-14,0.74,77.2,84.3,91.3,75.8,2,19.99,2018-09,2018,2018-09,2018,77.7,114.6,93.2,75.8
Miami-Dade,-80.5684,25.6148,7,2018-09-15,0.67,78.2,84.3,90.4,75.9,1.63,19.21,2018-09,2018,2018-09,2018,78.7,111.6,93.3,76
Miami-Dade,-80.5684,25.6148,7,2018-09-16,0.04,78.7,84.5,90.3,75.9,2.01,19.73,2018-09,2018,2018-09,2018,79.3,110.9,93.6,75.5
Miami-Dade,-80.5684,25.6148,7,2018-09-17,0,80,85.9,91.8,75.5,3.5,21.06,2018-09,2018,2018-09,2018,83.1,112.6,95.4,71.3
Miami-Dade,-80.5684,25.6148,7,2018-09-18,0,80,85.2,90.5,75.8,4.26,18.64,2018-09,2018,2018-09,2018,83.4,110.1,94.6,73.6
Miami-Dade,-80.5684,25.6148,7,2018-09-19,0,78.6,84.1,89.7,75.7,2.02,17.99,2018-09,2018,2018-09,2018,79.2,109.2,92.8,76
Miami-Dade,-80.5684,25.6148,7,2018-09-20,0.08,78,84.3,90.5,75.9,1.65,19.05,2018-09,2018,2018-09,2018,78.5,111.9,93.3,76
Miami-Dade,-80.5684,25.6148,7,2018-09-21,0.02,78.4,85,91.5,75.5,2.95,21.1,2018-09,2018,2018-09,2018,78.9,113.3,94,73.4
Miami-Dade,-80.5684,25.6148,7,2018-09-22,0.15,78.5,83.7,88.8,74.7,2.8,18.16,2018-09,2018,2018-09,2018,79,105.3,91.3,74.5
Miami-Dade,-80.5684,25.6148,7,2018-09-23,0.13,77.9,83.1,88.2,75.6,2.69,15.88,2018-09,2018,2018-09,2018,78.5,105.7,91,78.2
Miami-Dade,-80.5684,25.6148,7,2018-09-24,0.02,79.4,85.1,90.9,74.8,2.21,23.03,2018-09,2018,2018-09,2018,79.9,109.7,93.5,71.4
Miami-Dade,-80.5684,25.6148,7,2018-09-25,0.05,79,85.1,91.1,75.7,2.58,21.24,2018-09,2018,2018-09,2018,79.5,112.1,94.4,73.6
Miami-Dade,-80.5684,25.6148,7,2018-09-26,0,79.3,85.7,92,75.9,3.06,22.41,2018-09,2018,2018-09,2018,79.8,114.4,95.5,72.7
Miami-Dade,-80.5684,25.6148,7,2018-09-27,0.02,80.6,85.5,90.4,75.6,3.69,20.16,2018-09,2018,2018-09,2018,84.3,108.9,94.9,72.4
Miami-Dade,-80.5684,25.6148,7,2018-09-28,0.02,79.5,84.8,90.2,76.1,4.64,17.39,2018-09,2018,2018-09,2018,82.7,110.4,94.3,75.3
Miami-Dade,-80.5684,25.6148,7,2018-09-29,0.14,79.8,84.7,89.7,75.2,3.07,20.03,2018-09,2018,2018-09,2018,83,107.3,93.2,73.3
Miami-Dade,-80.5684,25.6148,7,2018-09-30,0.24,75.8,82.6,89.4,74.3,2.07,19.39,2018-09,2018,2018-09,2018,76.2,108.3,89.2,76.1
Miami-Dade,-80.5684,25.6148,7,2018-10-01,0.03,78,83.2,88.4,74.4,3.05,17.98,2018-10,2018,2018-10,2018,78.5,104.3,90.2,74.9
Miami-Dade,-80.5684,25.6148,7,2018-10-02,0.04,78.5,83.6,88.6,74.5,1.95,19.08,2018-10,2018,2018-10,2018,79,104.4,90.9,74.2
Miami-Dade,-80.5684,25.6148,7,2018-10-03,0.05,77.3,82.5,87.7,73.6,3.77,16.31,2018-10,2018,2018-10,2018,77.8,102,88.6,74.6
Miami-Dade,-80.5684,25.6148,7,2018-10-04,0.36,75.4,81.5,87.5,72.8,1.85,18.31,2018-10,2018,2018-10,2018,75.8,101.6,86.5,75
Miami-Dade,-80.5684,25.6148,7,2018-10-05,0.36,76.6,82.3,88.1,75.3,1.46,16.76,2018-10,2018,2018-10,2018,77.1,106.3,89.4,79.5
Miami-Dade,-80.5684,25.6148,7,2018-10-06,0.03,76.6,82.4,88.3,72.6,4.45,17.14,2018-10,2018,2018-10,2018,77,102.4,87.8,72.4
Miami-Dade,-80.5684,25.6148,7,2018-10-07,0.04,77.2,81.8,86.4,72,4.98,16.46,2018-10,2018,2018-10,2018,77.6,97.1,86.6,72.3
Miami-Dade,-80.5684,25.6148,7,2018-10-08,0.15,76.6,81,85.4,72.9,2.83,15.65,2018-10,2018,2018-10,2018,77.1,96.4,85.8,76.5
Miami-Dade,-80.5684,25.6148,7,2018-10-09,0.03,78.9,82.1,85.3,74.9,2.88,12.86,2018-10,2018,2018-10,2018,79.5,97.2,88.8,78.9
Miami-Dade,-80.5684,25.6148,7,2018-10-10,0,80.8,84.8,88.9,77.5,1.63,15.22,2018-10,2018,2018-10,2018,85.8,108.6,95.8,78.9
Miami-Dade,-80.5684,25.6148,7,2018-10-11,0.03,78.4,83.9,89.5,78.1,0.85,16.09,2018-10,2018,2018-10,2018,79.1,113.7,94.8,82.8
Miami-Dade,-80.5684,25.6148,7,2018-10-12,0.21,77.7,83.3,89,78,0.26,13.82,2018-10,2018,2018-10,2018,78.4,112.8,93.5,84.2
Miami-Dade,-80.5684,25.6148,7,2018-10-13,0.25,75.7,82.2,88.7,77,0.66,14.22,2018-10,2018,2018-10,2018,76.3,111.8,90.5,84.4
Miami-Dade,-80.5684,25.6148,7,2018-10-14,0,76.1,83,89.9,75.2,0.36,19.77,2018-10,2018,2018-10,2018,76.6,111,90.5,77.5
Miami-Dade,-80.5684,25.6148,7,2018-10-15,0.01,78,83.9,89.8,75.9,2.6,17.51,2018-10,2018,2018-10,2018,78.6,110.3,92.6,77
Miami-Dade,-80.5684,25.6148,7,2018-10-16,0,79.5,83.7,87.9,76.3,2.51,14.24,2018-10,2018,2018-10,2018,83,105,92.6,78.5
Miami-Dade,-80.5684,25.6148,7,2018-10-17,0.04,77.3,82.8,88.3,75.9,1.11,15.82,2018-10,2018,2018-10,2018,77.9,107.1,90.7,79.8
Miami-Dade,-80.5684,25.6148,7,2018-10-18,0,78.4,83.3,88.2,75.5,1.59,16.11,2018-10,2018,2018-10,2018,79,105.3,91.3,77.5
Miami-Dade,-80.5684,25.6148,7,2018-10-19,0,76.9,82.2,87.6,74.5,2.29,15.79,2018-10,2018,2018-10,2018,77.4,103.4,88.7,77.6
Miami-Dade,-80.5684,25.6148,7,2018-10-20,0,74.9,81.2,87.6,73.1,0.72,17.78,2018-10,2018,2018-10,2018,75.3,102.8,86.2,76.5
Miami-Dade,-80.5684,25.6148,7,2018-10-21,0,75.2,82.4,89.6,74.4,0.54,19.27,2018-10,2018,2018-10,2018,75.6,109.5,88.9,76.9
Miami-Dade,-80.5684,25.6148,7,2018-10-22,0.01,75,82.5,89.9,71.1,1.11,25.66,2018-10,2018,2018-10,2018,75.2,104.7,87.1,68.6
Miami-Dade,-80.5684,25.6148,7,2018-10-23,0.11,73.6,79.5,85.3,70.8,1.45,15.06,2018-10,2018,2018-10,2018,73.9,95.4,82.6,74.8
Miami-Dade,-80.5684,25.6148,7,2018-10-24,0,73.5,79.8,86,70.7,0.96,18.31,2018-10,2018,2018-10,2018,73.8,96.8,83.1,73.9
Miami-Dade,-80.5684,25.6148,7,2018-10-25,0,71.9,79.5,87.1,69.8,0.68,21.54,2018-10,2018,2018-10,2018,72,99,82.4,72.3
Miami-Dade,-80.5684,25.6148,7,2018-10-26,0.03,73.3,79.4,85.6,72.1,0.68,14.94,2018-10,2018,2018-10,2018,73.7,97.9,82.8,78.5
Miami-Dade,-80.5684,25.6148,7,2018-10-27,0,75.2,81.5,87.8,73.3,0.7,18.14,2018-10,2018,2018-10,2018,75.6,103.3,86.8,76.3
Miami-Dade,-80.5684,25.6148,7,2018-10-28,0,67.2,77.4,87.6,67.9,0.95,19.39,2018-10,2018,2018-10,2018,67.1,100.6,77.8,72.6
Miami-Dade,-80.5684,25.6148,7,2018-10-29,0,64.8,72.7,80.6,58.8,3.78,18.55,2018-10,2018,2018-10,2018,64.3,82.8,72.6,61.7
Miami-Dade,-80.5684,25.6148,7,2018-10-30,0,64.6,73.1,81.5,59.9,1.23,20.67,2018-10,2018,2018-10,2018,64.2,84.3,73.1,63.4
Miami-Dade,-80.5684,25.6148,7,2018-10-31,0,67.2,75.8,84.4,66,0.77,17.77,2018-10,2018,2018-10,2018,67.1,91.9,76.1,71.7
Miami-Dade,-80.5684,25.6148,7,2018-11-01,0,69.7,76.6,83.5,66.7,0.88,16.95,2018-11,2018,2018-11,2018,69.7,89.9,77,71.6
Miami-Dade,-80.5684,25.6148,7,2018-11-02,0.09,71.6,78.4,85.2,71.3,0.12,16.08,2018-11,2018,2018-11,2018,71.9,96.9,79,78.9
Miami-Dade,-80.5684,25.6148,7,2018-11-03,0.2,70.9,79.2,87.4,73.1,0.21,14.92,2018-11,2018,2018-11,2018,71.2,105.3,79.9,81.7
Miami-Dade,-80.5684,25.6148,7,2018-11-04,0.09,71.7,75.9,80.1,72.5,0.18,8.27,2018-11,2018,2018-11,2018,72.2,86.4,76.6,89.3
Miami-Dade,-80.5684,25.6148,7,2018-11-05,0,72.6,79.5,86.4,74.1,0.38,15.13,2018-11,2018,2018-11,2018,73,103,83.6,83.6
Miami-Dade,-80.5684,25.6148,7,2018-11-06,0.01,72.4,79.4,86.4,72.2,0.21,17.57,2018-11,2018,2018-11,2018,72.7,100.3,82.9,78.7
Miami-Dade,-80.5684,25.6148,7,2018-11-07,0.02,73.6,80,86.4,74.3,0.12,15.45,2018-11,2018,2018-11,2018,74.1,102.6,84.6,82.8
Miami-Dade,-80.5684,25.6148,7,2018-11-08,0.15,73.3,79.8,86.4,73.2,0.25,17.51,2018-11,2018,2018-11,2018,73.7,101.3,83.9,80.4
Miami-Dade,-80.5684,25.6148,7,2018-11-09,0,73.6,80,86.5,74.2,0.29,14.17,2018-11,2018,2018-11,2018,74.1,102.8,84.6,82.6
Miami-Dade,-80.5684,25.6148,7,2018-11-10,0,72.5,79.7,87,73.5,0.14,17.53,2018-11,2018,2018-11,2018,72.9,103.8,83.8,81.4
Miami-Dade,-80.5684,25.6148,7,2018-11-11,0.07,74,81.5,88.9,73.3,0.43,21.03,2018-11,2018,2018-11,2018,74.3,106.8,86.8,76.3
Miami-Dade,-80.5684,25.6148,7,2018-11-12,0.03,73.9,80,86.1,74,0.27,15.13,2018-11,2018,2018-11,2018,74.4,101.2,84.5,82
Miami-Dade,-80.5684,25.6148,7,2018-11-13,0.22,74.4,79.9,85.4,74.2,0.24,14.79,2018-11,2018,2018-11,2018,74.9,99.3,84.4,82.8
Miami-Dade,-80.5684,25.6148,7,2018-11-14,0.01,74.6,80.9,87.1,76,0.11,13.59,2018-11,2018,2018-11,2018,75.2,106.4,87.2,85.1
Miami-Dade,-80.5684,25.6148,7,2018-11-15,0.2,74.4,81.2,87.9,75.7,0.17,15.28,2018-11,2018,2018-11,2018,74.9,108.2,87.6,83.5
Miami-Dade,-80.5684,25.6148,7,2018-11-16,0,59.9,72.1,84.3,67.5,0.28,11.96,2018-11,2018,2018-11,2018,59.8,97.1,72.6,85.5
Miami-Dade,-80.5684,25.6148,7,2018-11-17,0,60,67.5,75,59.2,1.7,11.42,2018-11,2018,2018-11,2018,59.6,75.4,67.5,74.8
Miami-Dade,-80.5684,25.6148,7,2018-11-18,0,64.8,71.2,77.6,64.8,1.05,11.6,2018-11,2018,2018-11,2018,64.8,78.2,71.5,80.3
Miami-Dade,-80.5684,25.6148,7,2018-11-19,0,67.9,75.5,83.1,69,0.36,15.16,2018-11,2018,2018-11,2018,68,91.7,76,80.3
Miami-Dade,-80.5684,25.6148,7,2018-11-20,0,69.1,77.5,85.9,71.2,0.19,17.87,2018-11,2018,2018-11,2018,69.3,100,78.1,81
Miami-Dade,-80.5684,25.6148,7,2018-11-21,0.02,69.5,78.5,87.5,72.2,0.18,19.16,2018-11,2018,2018-11,2018,69.7,105.3,79.2,81.1
Miami-Dade,-80.5684,25.6148,7,2018-11-22,0,66.8,75.7,84.5,68.5,0.15,16.13,2018-11,2018,2018-11,2018,66.8,94.7,76.2,78.4
Miami-Dade,-80.5684,25.6148,7,2018-11-23,0.02,66.7,73.6,80.5,67.6,0.22,11.13,2018-11,2018,2018-11,2018,66.8,85.6,74,81.6
Miami-Dade,-80.5684,25.6148,7,2018-11-24,0,66.6,74.7,82.7,68,0.16,15.71,2018-11,2018,2018-11,2018,66.7,90.4,75.2,79.7
Miami-Dade,-80.5684,25.6148,7,2018-11-25,0,68.4,75.9,83.4,72.5,0.04,12.83,2018-11,2018,2018-11,2018,68.8,96,76.6,89.3
Miami-Dade,-80.5684,25.6148,7,2018-11-26,0,66.3,75.8,85.3,70.2,0.04,16.3,2018-11,2018,2018-11,2018,66.4,99,76.4,82.8
Miami-Dade,-80.5684,25.6148,7,2018-11-27,0,67.4,76.3,85.3,71.5,0.02,15.69,2018-11,2018,2018-11,2018,67.6,100.2,77,85.2
Miami-Dade,-80.5684,25.6148,7,2018-11-28,0,49.5,61,72.5,54.6,0.45,7.56,2018-11,2018,2018-11,2018,48.7,72.8,60.8,79.5
Miami-Dade,-80.5684,25.6148,7,2018-11-29,0,46.9,55.2,63.5,37.3,2.09,13.47,2018-11,2018,2018-11,2018,45.3,62.7,54,50.8
Miami-Dade,-80.5684,25.6148,7,2018-11-30,0,48.7,60.5,72.2,50.5,1.18,17.23,2018-11,2018,2018-11,2018,47.6,72.3,60,69.6
Miami-Dade,-80.5684,25.6148,7,2018-12-01,0,61.2,68.9,76.7,64.2,0.84,12.65,2018-12,2018,2018-12,2018,61.1,77.4,69.2,85
Miami-Dade,-80.5684,25.6148,7,2018-12-02,0,69.8,77.1,84.5,69.7,0.35,16.08,2018-12,2018,2018-12,2018,70,94.6,77.6,78
Miami-Dade,-80.5684,25.6148,7,2018-12-03,0,69.8,78.1,86.5,72.9,0.09,15.51,2018-12,2018,2018-12,2018,70.1,103.7,78.8,84.1
Miami-Dade,-80.5684,25.6148,7,2018-12-04,0.09,67.8,77.7,87.6,71.6,0.04,19.76,2018-12,2018,2018-12,2018,68,105.9,78.4,81.6
Miami-Dade,-80.5684,25.6148,7,2018-12-05,0.04,65.9,75.7,85.4,72.5,0.18,11.62,2018-12,2018,2018-12,2018,66.2,103.1,76.4,89.8
Miami-Dade,-80.5684,25.6148,7,2018-12-06,0,51.8,60.7,69.6,47.3,2.67,13.01,2018-12,2018,2018-12,2018,50.7,69.4,60,61.3
Miami-Dade,-80.5684,25.6148,7,2018-12-07,0,52.8,64.2,75.5,55.3,0.9,14.4,2018-12,2018,2018-12,2018,52,75.8,64,72.8
Miami-Dade,-80.5684,25.6148,7,2018-12-08,0,58.2,68.8,79.4,61.3,0.16,15.32,2018-12,2018,2018-12,2018,57.8,82.7,68.9,77
Miami-Dade,-80.5684,25.6148,7,2018-12-09,0.08,61.7,71.2,80.6,69.5,0.09,11.39,2018-12,2018,2018-12,2018,61.9,89.4,71.8,94.4
Miami-Dade,-80.5684,25.6148,7,2018-12-10,0.02,67.1,75.1,83.1,71.7,0.21,10.25,2018-12,2018,2018-12,2018,67.4,95,75.8,89.2
Miami-Dade,-80.5684,25.6148,7,2018-12-11,0,52.2,62.8,73.4,58.1,0.38,10.07,2018-12,2018,2018-12,2018,51.6,73.9,62.8,84.6
Miami-Dade,-80.5684,25.6148,7,2018-12-12,0,48.4,57.7,67,47.1,0.63,11.41,2018-12,2018,2018-12,2018,47.3,66.8,57,67.7
Miami-Dade,-80.5684,25.6148,7,2018-12-13,0,50.8,62.3,73.8,55.6,0.71,13.81,2018-12,2018,2018-12,2018,50,74.2,62.1,78.7
Miami-Dade,-80.5684,25.6148,7,2018-12-14,0,64.2,72.2,80.2,63.7,0.9,16.13,2018-12,2018,2018-12,2018,64,83.9,72.4,74.7
Miami-Dade,-80.5684,25.6148,7,2018-12-15,0.01,68.5,76.2,83.9,72,0.22,14.01,2018-12,2018,2018-12,2018,68.8,96.5,76.9,86.9
Miami-Dade,-80.5684,25.6148,7,2018-12-16,1.11,66.7,73.5,80.4,70.3,0.17,5.81,2018-12,2018,2018-12,2018,67,87.4,74.1,89.8
Miami-Dade,-80.5684,25.6148,7,2018-12-17,0,58.1,69.1,80,62.8,0.2,15.25,2018-12,2018,2018-12,2018,57.7,84.3,69.3,80.4
Miami-Dade,-80.5684,25.6148,7,2018-12-18,0,51.5,62.3,73.1,55.6,0.11,11.96,2018-12,2018,2018-12,2018,50.8,73.5,62.1,78.7
Miami-Dade,-80.5684,25.6148,7,2018-12-19,0,51.8,64.5,77.1,57.3,0.08,16.87,2018-12,2018,2018-12,2018,51.1,77.6,64.4,77.5
Miami-Dade,-80.5684,25.6148,7,2018-12-20,0,56.9,68.2,79.4,64.7,0.31,14.9,2018-12,2018,2018-12,2018,56.7,83.9,68.5,88.6
Miami-Dade,-80.5684,25.6148,7,2018-12-21,0.78,64,73.6,83.2,68.4,0.1,12.11,2018-12,2018,2018-12,2018,64,93.1,74.1,83.8
Miami-Dade,-80.5684,25.6148,7,2018-12-22,0,52.1,62.6,73.1,54.4,0.28,13.04,2018-12,2018,2018-12,2018,51.3,73.4,62.3,74.6
Miami-Dade,-80.5684,25.6148,7,2018-12-23,0,52,60.7,69.5,53.3,0.4,10.25,2018-12,2018,2018-12,2018,51.3,69.6,60.4,76.6
Miami-Dade,-80.5684,25.6148,7,2018-12-24,0,53,64,75,55.8,0.52,13.99,2018-12,2018,2018-12,2018,52.3,75.4,63.8,74.7
Miami-Dade,-80.5684,25.6148,7,2018-12-25,0,57.6,66.5,75.4,57.6,0.33,12.72,2018-12,2018,2018-12,2018,57,75.7,66.4,73.1
Miami-Dade,-80.5684,25.6148,7,2018-12-26,0,59.3,68.3,77.2,61.6,0.36,13.83,2018-12,2018,2018-12,2018,59,77.8,68.4,79.2
Miami-Dade,-80.5684,25.6148,7,2018-12-27,0,67.1,71.6,76.2,64.6,2.05,10.41,2018-12,2018,2018-12,2018,67.2,76.7,71.9,78.6
Miami-Dade,-80.5684,25.6148,7,2018-12-28,0.04,71.2,75.7,80.2,71.5,0.67,11.25,2018-12,2018,2018-12,2018,71.7,86,76.4,86.9
Miami-Dade,-80.5684,25.6148,7,2018-12-29,0,68.7,75.8,82.9,71.9,0.16,11.99,2018-12,2018,2018-12,2018,69,93.8,76.5,87.8
Miami-Dade,-80.5684,25.6148,7,2018-12-30,0,65.8,75.2,84.7,71.3,0.06,13.48,2018-12,2018,2018-12,2018,66,99.5,75.9,87.7
Miami-Dade,-80.5684,25.6148,7,2018-12-31,0,65,73.6,82.3,67.1,0.19,15.8,2018-12,2018,2018-12,2018,65,89.6,74,80.2